record_time,Lifestyle & Consumer Aesthetics,Internet & Digital Culture,Film & Television Media,Gaming & Interactive Media,Music & Audio Trends,Fandoms & Cultural Expression,others
2025-04-06 00:57:31,0.5125628140703518,0.2663316582914573,0.07537688442211055,0.06030150753768844,0.035175879396984924,0.02512562814070352,0.02512562814070352
